Workbook

Sheet Summary
A1: DCDC_LLC_4SBB_G474 Rev E - shortage risk, 2nd / 3rd sources (spec + footprint checked)
A2: LCSC stock read live from lcsc.com on 2026-10-20. Stock moves daily - re-check at order time. JLC basic parts may be in JLC's own SMT stock when LCSC retail shows 0.
A4: Risk | B4: Lines | C4: Rule
A5: CRITICAL | B5: =COUNTIF(Sourcing!M:M,"CRITICAL") | C5: Out of stock / not listed / < 50 boards, or a BOM error - change before ordering (same footprint)
A6: HIGH | B6: =COUNTIF(Sourcing!M:M,"HIGH") | C6: Covers < 100-300 boards, single maker, or discontinued - buy now
A7: MEDIUM | B7: =COUNTIF(Sourcing!M:M,"MEDIUM") | C7: Covers < 1,000 boards or alternates thin
A8: LOW | B8: =COUNTIF(Sourcing!M:M,"LOW") | C8: Plenty of stock and two checked alternates
A10: Check | B10: Alternates | C10: Meaning
A11: DS | B11: =COUNTIF(Sourcing!S:S,"DS")+COUNTIF(Sourcing!X:X,"DS") | C11: Checked against the datasheet: pinout vs board netlist, land pattern vs footprint, ratings
A12: EQ | B12: =COUNTIF(Sourcing!S:S,"EQ")+COUNTIF(Sourcing!X:X,"EQ") | C12: Same part number from another maker, or passive with same value / package / dielectric and equal-or-better rating
A13: CHK | B13: =COUNTIF(Sourcing!S:S,"CHK")+COUNTIF(Sourcing!X:X,"CHK") | C13: Usable; one item to confirm (see note)
A14: PCB | B14: =COUNTIF(Sourcing!S:S,"PCB")+COUNTIF(Sourcing!X:X,"PCB") | C14: Needs a PCB change - see 'PCB reserve'
A16: Packages | C16: All lines use industry-standard packages except: T2 (Pulse EP13Plus, vendor-specific) and T1 (custom PQ2620, hand-fitted). L1 1770 / L2-L3 5040 / SW1 2.54 SMD DIP / J1-J2 5.08 pluggable are de-facto standards made by many vendors.
A18: First source changed on the Rev E BOM today (all in stock, same footprints):
A19: C1235414 | B19: STM32G474RBT3 (ST) | C19: replaces C529413 STM32G474RBT6 - not listed / out of stock
A20: C503061 | B20: NCEP068N10G (NCE) | C20: replaces C503012 NCEP0160AG
A21: C2906861 | B21: FRC0402F1002TS (FOJAN) | C21: replaces C25744 0402WGF1002TCE - not listed / out of stock
A22: C20539426 | B22: TCC0402X5R105K500AT (CCTC) | C22: replaces C52923 CL05A105KA5NQNC - not listed / out of stock
A23: C2907006 | B23: FRC0603F2R20TS (FOJAN) | C23: replaces C22939 0603WAF220KT5E - not listed / out of stock
A24: C2929994 | B24: FRC0402F22R0TS (FOJAN) | C24: replaces C25092 0402WGF220JTCE - not listed / out of stock
A25: C844452 | B25: TNPW040210K0BEED (VISHAY) | C25: replaces C190095 RT0402BRD0710KL - not listed / out of stock
A26: C85833 | B26: BLM18KG601SN1D (muRata) | C26: replaces C1002 GZ1608D601TF - not listed / out of stock
A27: C167974 | B27: FNR5040S470MT (cjiang) | C27: replaces C86617 SWPA5040S470MT - not listed / out of stock
A28: C2233314 | B28: C0805C473F3GECAUTO (KEMET) | C28: replaces C53134 CL21B473KBCNNNC
A29: C2904236 | B29: HoJLR2512-3W-4mR-1% (Milliohm) | C29: replaces C500738 LR2512D-3W-4mR-1%
A30: C2482 | B30: SS110 (MDD(Microdiode Semiconductor)) | C30: replaces C224219 SS110
A31: C307331 | B31: CL05B104KB54PNC | C31: now also used for the 22 x 100 nF that were on C1525 (out of stock)
A33: Buy now / watch:
A34: C249664 | B34: C1,C11,C60 | C34: 175 pcs, 3 per board (58 boards). ChengTao RVE1J470M1010 is an exact 2nd source.
A35: C49308184 | B35: L1 | C35: 120 pcs. Buy now. SMMS1770-220M / SLO1770C (both 23 A sat, 1770 body) - SOREDE 16 A part dropped.
A36: C5718384 | B36: T2 | C36: 102 pcs, single maker (Pulse). Buy now. Backup needs the T2 jumper option (PA3855.005NLT in series).
A37: C141980 | B37: U2,U3,U10 | C37: 338 pcs, 3 per board. UCC27211AQDDARQ1 (same DDA) / UCC27211DR (SOIC-8, no pad).
A39: Not on LCSC | B39: T1 | C39: Custom PQ2620 transformer - the only part not orderable from LCSC
A40: Extra to order | B40: J1, J2 plugs | C40: Kefa KF2EDGK-5.08-2P-AA (C440880), 2 per board - the cable-side plugs; JP1 needs one 2.54 mm jumper cap

Sheet Sourcing
A1: # | B1: Designators | C1: Qty / board | D1: Description | E1: Footprint | F1: Package type | G1: Primary MPN | H1: Manufacturer | I1: LCSC # | J1: LCSC stock today | K1: Boards covered | L1: Price from (USD) | M1: Risk | N1: Action | O1: Use as primary (same footprint) | P1: 2nd source | Q1: 2nd LCSC # | R1: 2nd stock | S1: 2nd check | T1: 2nd spec / fit note | U1: 3rd source | V1: 3rd LCSC # | W1: 3rd stock | X1: 3rd check | Y1: 3rd spec / fit note | Z1: Sources with stock for 100 boards
A2: 1 | B2: C1,C11,C60 | C2: 3 | D2: 47u 63V | E2: CP_Elec_10x10.5 | F2: Standard (SMD alu 10x10.5) | G2: VEJ470M1JTR-1010 | H2: Lelon | I2: C249664 | J2: 175 | K2: =IF(ISNUMBER(J2),INT(J2/C2),0) | L2: 0.0875 | M2: HIGH | N2: 175 pcs, 3 per board (58 boards). ChengTao RVE1J470M1010 is an exact 2nd source. | P2: RVE1J470M1010 (ChengTao) | Q2: C46527630 | R2: 350 | S2: EQ | T2: ChengTao RVE1J470M1010: 47 uF 63 V 10x10.5, 105 C | U2: RVT63V100M10X10 (JIERR) | V2: C51953411 | W2: 24990 | X2: CHK | Y2: JIERR 100 uF 63 V 10x10.5: same can, more C -> check F1 inrush | Z2: =IF(ISNUMBER(J2),IF(J2>=100*C2,1,0),0)+IF(ISNUMBER(R2),IF(R2>=100*C2,1,0),0)+IF(ISNUMBER(W2),IF(W2>=100*C2,1,0),0)
A3: 28 | B3: L1 | C3: 1 | D3: PSPMAA1770-220M-CGP | E3: L_Bourns_SRP1770TA_16.9x16.9mm | F3: De-facto standard (many makers) (1770 molded) | G3: PSPMAA1770-220M-CGP | H3: PROD Tech | I3: C49308184 | J3: 120 | K3: =IF(ISNUMBER(J3),INT(J3/C3),0) | L3: 0.8544 | M3: HIGH | N3: 120 pcs. Buy now. SMMS1770-220M / SLO1770C (both 23 A sat, 1770 body) - SOREDE 16 A part dropped. | P3: SMMS1770-220M (Shun Xiang Nuo) | Q3: C2976969 | R3: 961 | S3: CHK | T3: Shun Xiang Nuo SMMS1770-220M 22 uH, Isat 23 A, 17.5x17.2 - same 1770 body; confirm land drawing | U3: SLO1770C220MTT (Sunltech) | V3: C48996578 | W3: 150 | X3: DS | Y3: Sunltech SLO1770C220MTT 22 uH, Isat 23 A - land 3.5x12.8 / gap 11.2 fits the SRP1770 footprint | Z3: =IF(ISNUMBER(J3),IF(J3>=100*C3,1,0),0)+IF(ISNUMBER(R3),IF(R3>=100*C3,1,0),0)+IF(ISNUMBER(W3),IF(W3>=100*C3,1,0),0)
A4: 68 | B4: T2 | C4: 1 | D4: PA3855.006NLT | E4: TX_PA3855_EP13_10P | F4: Vendor-specific (Pulse EP13Plus) | G4: PA3855.006NLT | H4: PULSE | I4: C5718384 | J4: 102 | K4: =IF(ISNUMBER(J4),INT(J4/C4),0) | L4: 1.2828 | M4: HIGH | N4: 102 pcs, single maker (Pulse). Buy now. Backup needs the T2 jumper option (PA3855.005NLT in series). | P4: PA3855.005NLT (PULSE) | Q4: C17526143 | R4: 520 | S4: PCB | T4: Pulse PA3855.005NLT: same EP13 footprint and primary, secondaries must be in SERIES - needs the T2 jumper option | Y4: Custom-wound EP13 to the same pinout from a local winder (no PCB change) | Z4: =IF(ISNUMBER(J4),IF(J4>=100*C4,1,0),0)+IF(ISNUMBER(R4),IF(R4>=100*C4,1,0),0)+IF(ISNUMBER(W4),IF(W4>=100*C4,1,0),0)
A5: 70 | B5: U2,U3,U10 | C5: 3 | D5: UCC27211DDAR | E5: SOIC-8-1EP_3.9x4.9mm_P1.27mm_EP2.41x3.3mm | F5: Standard (SOIC-8 PowerPAD) | G5: UCC27211DDAR | H5: TI | I5: C141980 | J5: 338 | K5: =IF(ISNUMBER(J5),INT(J5/C5),0) | L5: 1.4619 | M5: HIGH | N5: 338 pcs, 3 per board. UCC27211AQDDARQ1 (same DDA) / UCC27211DR (SOIC-8, no pad). | P5: UCC27211AQDDARQ1 (TI) | Q5: C485921 | R5: 755 | S5: DS | T5: TI UCC27211AQDDARQ1 (same DDA package and pinout) | U5: UCC27211DR (TI) | V5: C2871979 | W5: 2138 | X5: DS | Y5: TI UCC27211DR SOIC-8 (no pad): same pinout; pad 9 left unsoldered - remove its paste for this build | Z5: =IF(ISNUMBER(J5),IF(J5>=100*C5,1,0),0)+IF(ISNUMBER(R5),IF(R5>=100*C5,1,0),0)+IF(ISNUMBER(W5),IF(W5>=100*C5,1,0),0)
A6: 19 | B6: CR1,CR2,CR3,CR4,CR5,CR6 | C6: 6 | D6: 100n 100V C0G | E6: C_1206_3216Metric | F6: Standard (1206) | G6: C1206N104J101T | H6: IHHEC | I6: C2940749 | J6: 1802 | K6: =IF(ISNUMBER(J6),INT(J6/C6),0) | L6: 0.1817 | M6: MEDIUM | N6: 902 pcs, 6 per board (150 boards). Murata / TDK 1206 C0G 100 V are verified 2nd/3rd (CCTC/HRE 'M3L' parts dropped: not C0G). | P6: GRM31C5C2A104JA01L (muRata) | Q6: C405303 | R6: 7815 | S6: EQ | T6: Murata GRM31C5C2A104JA01L 100 nF C0G 5 % 100 V 1206 | U6: C3216C0G2A104JT000E (TDK) | V6: C338111 | W6: 1350 | X6: EQ | Y6: TDK C3216C0G2A104JT000E 100 nF C0G 5 % 100 V 1206 | Z6: =IF(ISNUMBER(J6),IF(J6>=100*C6,1,0),0)+IF(ISNUMBER(R6),IF(R6>=100*C6,1,0),0)+IF(ISNUMBER(W6),IF(W6>=100*C6,1,0),0)
A7: 26 | B7: F1 | C7: 1 | D7: 0458007.DR | E7: Fuse_1206_3216Metric | F7: Standard (1206 fuse) | G7: 0458007.DR | H7: Littelfuse | I7: C206980 | J7: 765 | K7: =IF(ISNUMBER(J7),INT(J7/C7),0) | L7: 0.4845 | M7: MEDIUM | N7: 765 pcs. Reomax R12.000.7 verified as 2nd source. | P7: R12.000.7 (Reomax) | Q7: C5383192 | R7: 2710 | S7: DS | T7: Reomax R12.000.7 7 A 63 V DC 1206 | U7: 3413.0326.11 (SCHURTER) | V7: C3165071 | W7: 40 | X7: EQ | Y7: Schurter 3413.0326.11 7 A 63 V 1206 (low stock) | Z7: =IF(ISNUMBER(J7),IF(J7>=100*C7,1,0),0)+IF(ISNUMBER(R7),IF(R7>=100*C7,1,0),0)+IF(ISNUMBER(W7),IF(W7>=100*C7,1,0),0)
A8: 30 | B8: Q1,Q4 | C8: 2 | D8: NCEP0140AG | E8: TDSON-8-1 | F8: Standard (DFN5x6 / PowerPAK SO-8) | G8: NCEP0140AG | H8: NCE | I8: C503009 | J8: 4695 | K8: =IF(ISNUMBER(J8),INT(J8/C8),0) | L8: 0.286 | M8: MEDIUM | N8: 4,695 pcs (2,300 boards). NCE alternates have 2x the gate charge - fine, but check Q1/Q4 temperature on the bench if used. | P8: NCEP095N10AG (NCE) | Q8: C2686677 | R8: 645 | S8: CHK | T8: NCE NCEP095N10AG 100 V 12 mOhm: Qg 54 nC vs 26 nC - more gate/switching loss in the hard-switched Q1/Q4, check temp | U8: NCEP068N10G (NCE) | V8: C503061 | W8: 7577 | X8: CHK | Y8: NCE NCEP068N10G 100 V 6.1 mOhm: Qg 60 nC vs 26 nC - same check | Z8: =IF(ISNUMBER(J8),IF(J8>=100*C8,1,0),0)+IF(ISNUMBER(R8),IF(R8>=100*C8,1,0),0)+IF(ISNUMBER(W8),IF(W8>=100*C8,1,0),0)
A9: 35 | B9: Q11 | C9: 1 | D9: FDN86246 | E9: SOT-23 | F9: Standard (SOT-23) | G9: FDN86246 | H9: onsemi | I9: C891118 | J9: 1606 | K9: =IF(ISNUMBER(J9),INT(J9/C9),0) | L9: 0.6163 | M9: MEDIUM | N9: 1,606 pcs. JSMSEMI FDN86246 / HSS2N15 (150 V) - same SOT-23 pinout. | P9: FDN86246 (JSMSEMI) | Q9: C7421706 | R9: 4035 | S9: EQ | T9: JSMSEMI FDN86246 (same part no.) 150 V | U9: HSS2N15 (HUASHUO) | V9: C2987707 | W9: 6090 | X9: EQ | Y9: HUASHUO HSS2N15 150 V 1.8 A | Z9: =IF(ISNUMBER(J9),IF(J9>=100*C9,1,0),0)+IF(ISNUMBER(R9),IF(R9>=100*C9,1,0),0)+IF(ISNUMBER(W9),IF(W9>=100*C9,1,0),0)
A10: 51 | B10: R81 | C10: 1 | D10: 191k 0.1% | E10: R_1206_3216Metric | F10: Standard (1206) | G10: RT1206BRD07191KL | H10: YAGEO | I10: C870479 | J10: 4755 | K10: =IF(ISNUMBER(J10),INT(J10/C10),0) | L10: 0.0506 | M10: MEDIUM | N10: Single LCSC source (4,755 pcs, 1 per board). Other makers only at Digikey/Mouser. | T10: No other 191k 0.1 % 1206 in stock on LCSC (Panasonic ERA-8AEB1913V / Vishay TNPW1206191KBEEA at Digikey/Mouser) | Y10: none in stock on LCSC | Z10: =IF(ISNUMBER(J10),IF(J10>=100*C10,1,0),0)+IF(ISNUMBER(R10),IF(R10>=100*C10,1,0),0)+IF(ISNUMBER(W10),IF(W10>=100*C10,1,0),0)
A11: 75 | B11: U9 | C11: 1 | D11: CA-IS3062VW | E11: SOIC-16W_7.5x10.3mm_P1.27mm | F11: Standard (SOIC-16W) | G11: CA-IS3062VW | H11: Chipanalog | I11: C5338808 | J11: 4777 | K11: =IF(ISNUMBER(J11),INT(J11/C11),0) | L11: 2.16 | M11: MEDIUM | N11: 4,777 pcs but Chipanalog only (integrated isolated DC-DC). Backup ISO1042DW + B0505S needs the U9 reserve option. | P11: ISO1042QDWRQ1 (TI) | Q11: C2671569 | R11: 2231 | S11: PCB | T11: TI ISO1042QDWRQ1 fits the U9 footprint (pins 2-16 match) but needs pin 1 = 3.3 V and an external isolated 5 V (B0505S module) - U9 reserve option | U11: ISO1042DWR (TI) | V11: C1848126 | W11: 270 | X11: PCB | Y11: TI ISO1042DWR - same as above | Z11: =IF(ISNUMBER(J11),IF(J11>=100*C11,1,0),0)+IF(ISNUMBER(R11),IF(R11>=100*C11,1,0),0)+IF(ISNUMBER(W11),IF(W11>=100*C11,1,0),0)
A12: 77 | B12: U12 | C12: 1 | D12: CA-IS3742LW | E12: SOIC-16W_7.5x10.3mm_P1.27mm | F12: Standard (SOIC-16W) | G12: CA-IS3742LW | H12: Chipanalog | I12: C4944981 | J12: 2320 | K12: =IF(ISNUMBER(J12),INT(J12/C12),0) | L12: 0.46 | M12: MEDIUM | N12: 2,320 pcs; default-LOW wide-body alternates exist but have low stock (TI 139, YLPTEC 90). | P12: ISO7742FDWR (TI) | Q12: C2862403 | R12: 139 | S12: DS | T12: TI ISO7742FDWR: same pinout, default LOW (F) like CA-IS3742L - low stock | U12: ISO7742W0-Y (YLPTEC) | V12: C53446650 | W12: 90 | X12: DS | Y12: YLPTEC ISO7742W0-Y: wide body, default LOW ('0') - low stock (do NOT use the N0 narrow-body part) | Z12: =IF(ISNUMBER(J12),IF(J12>=100*C12,1,0),0)+IF(ISNUMBER(R12),IF(R12>=100*C12,1,0),0)+IF(ISNUMBER(W12),IF(W12>=100*C12,1,0),0)
A13: 84 | B13: U1 | C13: 1 | D13: STM32G474RBT3 (hand-soldered) | E13: LQFP-64_10x10mm_P0.5mm | F13: Standard (LQFP-64) | G13: STM32G474RBT3 | H13: ST | I13: C1235414 | J13: 564 | K13: =IF(ISNUMBER(J13),INT(J13/C13),0) | L13: 2.9236 | M13: MEDIUM | N13: Primary covers the build; alternates thin - watch. | P13: STM32G474RET6 (ST) | Q13: C521608 | R13: 12 | S13: EQ | T13: ST STM32G474RET6 (512 KB, same pinout; 12 pcs) | Y13: none in stock on LCSC | Z13: =IF(ISNUMBER(J13),IF(J13>=100*C13,1,0),0)+IF(ISNUMBER(R13),IF(R13>=100*C13,1,0),0)+IF(ISNUMBER(W13),IF(W13>=100*C13,1,0),0)
A14: 89 | B14: J7 | C14: 1 | D14: HX PZ1.27-2x5P TP (hand-soldered) | E14: PinHeader_2x05_P1.27mm_Vertical_SMD | F14: Standard (1.27 SMD header) | G14: HX PZ1.27-2x5P TP | H14: hanxia | I14: C41376037 | J14: 40345 | K14: =IF(ISNUMBER(J14),INT(J14/C14),0) | M14: MEDIUM | N14: Primary covers the build; alternates thin - watch. | T14: Samtec FTSH-105-01-L-DV-K or any 2x5 1.27 mm SMD header | Y14: none in stock on LCSC | Z14: =IF(ISNUMBER(J14),IF(J14>=100*C14,1,0),0)+IF(ISNUMBER(R14),IF(R14>=100*C14,1,0),0)+IF(ISNUMBER(W14),IF(W14>=100*C14,1,0),0)
A15: 2 | B15: C2,C3,C4,C5,C7,C8,C9,C10,C61,C62,C63,C70,C95 | C15: 13 | D15: 2.2u 100V X7R | E15: C_1210_3225Metric | F15: Standard (1210) | G15: FS32X225K101EGG | H15: PSA | I15: C153036 | J15: 261555 | K15: =IF(ISNUMBER(J15),INT(J15/C15),0) | L15: 0.0476 | M15: LOW | N15: Stock fine; 2nd/3rd checked. | P15: GRM32ER72A225KA35L (muRata) | Q15: C86054 | R15: 25205 | S15: EQ | T15: Murata GRM32ER72A225KA35L 2.2 uF 100 V X7R 1210 | U15: HMK325B7225KN-T (Taiyo Yuden) | V15: C92775 | W15: 30780 | X15: EQ | Y15: Taiyo Yuden HMK325B7225KN-T 2.2 uF 100 V X7R 1210 | Z15: =IF(ISNUMBER(J15),IF(J15>=100*C15,1,0),0)+IF(ISNUMBER(R15),IF(R15>=100*C15,1,0),0)+IF(ISNUMBER(W15),IF(W15>=100*C15,1,0),0)
A16: 3 | B16: C6,C12 | C16: 2 | D16: 100n 100V X7R | E16: C_0603_1608Metric | F16: Standard (0603) | G16: 0603B104K101NT | H16: FH | I16: C88219 | J16: 1977150 | K16: =IF(ISNUMBER(J16),INT(J16/C16),0) | L16: 0.0058 | M16: LOW | N16: Stock fine; 2nd/3rd checked. | P16: CC0603KRX7R0BB104 (YAGEO) | Q16: C113803 | R16: 328150 | S16: EQ | T16: Yageo CC0603KRX7R0BB104 100 V X7R | U16: AM03B104K101NT (FH) | V16: C42959888 | W16: 4980 | X16: EQ | Y16: FH AM03B104K101NT 100 V X7R | Z16: =IF(ISNUMBER(J16),IF(J16>=100*C16,1,0),0)+IF(ISNUMBER(R16),IF(R16>=100*C16,1,0),0)+IF(ISNUMBER(W16),IF(W16>=100*C16,1,0),0)
A17: 4 | B17: C15,C18,C67 | C17: 3 | D17: 100n 25V X7R | E17: C_0603_1608Metric | F17: Standard (0603) | G17: CC0603KRX7R9BB104 | H17: YAGEO | I17: C14663 | J17: 6739100 | K17: =IF(ISNUMBER(J17),INT(J17/C17),0) | L17: 0.0067 | M17: LOW | N17: Stock fine; 2nd/3rd checked. | P17: 0603B104K500CT (Walsin) | Q17: C314282 | R17: 835700 | S17: EQ | T17: Walsin 0603B104K500CT 50 V X7R | U17: VJ0603Y104KXACW1BC (VISHAY) | V17: C161854 | W17: 13120 | X17: EQ | Y17: Vishay VJ0603Y104KXACW1BC 50 V X7R | Z17: =IF(ISNUMBER(J17),IF(J17>=100*C17,1,0),0)+IF(ISNUMBER(R17),IF(R17>=100*C17,1,0),0)+IF(ISNUMBER(W17),IF(W17>=100*C17,1,0),0)
A18: 5 | B18: C16,C19,C68,C69,C88 | C18: 5 | D18: 1u 25V X7R | E18: C_0603_1608Metric | F18: Standard (0603) | G18: CL10A105KB8NNNC | H18: Samsung Electro-Mechanics | I18: C15849 | J18: 2731000 | K18: =IF(ISNUMBER(J18),INT(J18/C18),0) | L18: 0.0087 | M18: LOW | N18: Stock fine; 2nd/3rd checked. | P18: 0603X105K500NT (FH) | Q18: C157684 | R18: 774900 | S18: EQ | T18: FH 0603X105K500NT 1 uF 50 V X5R | U18: CC0603KRX5R9BB105 (YAGEO) | V18: C128624 | W18: 23100 | X18: EQ | Y18: Yageo CC0603KRX5R9BB105 1 uF 50 V X5R | Z18: =IF(ISNUMBER(J18),IF(J18>=100*C18,1,0),0)+IF(ISNUMBER(R18),IF(R18>=100*C18,1,0),0)+IF(ISNUMBER(W18),IF(W18>=100*C18,1,0),0)
A19: 6 | B19: C17,C20,C22,C23,C71,C89,C29,C30,C31,C32,C33,C34,C37,C40,C43,C44,C46,C48,C50,C53,C54,C75,C77,C80,C83,C84,C90,C99 | C19: 28 | D19: 100n 25V | E19: C_0402_1005Metric | F19: Standard (0402) | G19: CL05B104KB54PNC | H19: Samsung Electro-Mechanics | I19: C307331 | J19: 2343800 | K19: =IF(ISNUMBER(J19),INT(J19/C19),0) | L19: 0.0049 | M19: LOW | N19: Stock fine; 2nd/3rd checked. | P19: CC0402KRX7R9BB104 (YAGEO) | Q19: C131394 | R19: 4590850 | S19: EQ | T19: Yageo CC0402KRX7R9BB104 50 V X7R | U19: 0402B104K500NT (FH) | V19: C110251 | W19: 1825760 | X19: EQ | Y19: FH 0402B104K500NT 50 V X7R | Z19: =IF(ISNUMBER(J19),IF(J19>=100*C19,1,0),0)+IF(ISNUMBER(R19),IF(R19>=100*C19,1,0),0)+IF(ISNUMBER(W19),IF(W19>=100*C19,1,0),0)
A20: 7 | B20: C21,C24,C25,C26,C72,C96,C97,C49,C52 | C20: 9 | D20: 10u 25V X5R | E20: C_0805_2012Metric | F20: Standard (0805) | G20: CL21A106KAYNNNE | H20: Samsung Electro-Mechanics | I20: C15850 | J20: 3082660 | K20: =IF(ISNUMBER(J20),INT(J20/C20),0) | L20: 0.0528 | M20: LOW | N20: Stock fine; 2nd/3rd checked. | P20: TCC0805X5R106K350FT (CCTC) | Q20: C18185754 | R20: 100165 | S20: EQ | T20: CCTC TCC0805X5R106K350FT 10 uF 35 V X5R | U20: GRM21BR6YA106KE43L (muRata) | V20: C162422 | W20: 99525 | X20: EQ | Y20: Murata GRM21BR6YA106KE43L 10 uF 35 V X5R | Z20: =IF(ISNUMBER(J20),IF(J20>=100*C20,1,0),0)+IF(ISNUMBER(R20),IF(R20>=100*C20,1,0),0)+IF(ISNUMBER(W20),IF(W20>=100*C20,1,0),0)
A21: 8 | B21: C27,C73 | C21: 2 | D21: 22u 10V X5R | E21: C_0805_2012Metric | F21: Standard (0805) | G21: CL21A226MAQNNNE | H21: Samsung Electro-Mechanics | I21: C45783 | J21: 100080 | K21: =IF(ISNUMBER(J21),INT(J21/C21),0) | L21: 0.1061 | M21: LOW | N21: Stock fine; 2nd/3rd checked. | P21: TCC0805X5R226M250FT (CCTC) | Q21: C20416420 | R21: 131690 | S21: EQ | T21: CCTC TCC0805X5R226M250FT 22 uF 25 V | U21: 0805X226M250NT (FH) | V21: C129303 | W21: 85780 | X21: EQ | Y21: FH 0805X226M250NT 22 uF 25 V | Z21: =IF(ISNUMBER(J21),IF(J21>=100*C21,1,0),0)+IF(ISNUMBER(R21),IF(R21>=100*C21,1,0),0)+IF(ISNUMBER(W21),IF(W21>=100*C21,1,0),0)
A22: 9 | B22: C28,C36,C51,C86 | C22: 4 | D22: 1u 10V | E22: C_0402_1005Metric | F22: Standard (0402) | G22: TCC0402X5R105K500AT | H22: CCTC | I22: C20539426 | J22: 179400 | K22: =IF(ISNUMBER(J22),INT(J22/C22),0) | L22: 0.0099 | M22: LOW | N22: Stock fine; 2nd/3rd checked. | P22: GRM155R61H105KE05D (muRata) | Q22: C1518208 | R22: 32180 | S22: EQ | T22: Murata GRM155R61H105KE05D 1 uF 50 V X5R | Y22: none in stock on LCSC | Z22: =IF(ISNUMBER(J22),IF(J22>=100*C22,1,0),0)+IF(ISNUMBER(R22),IF(R22>=100*C22,1,0),0)+IF(ISNUMBER(W22),IF(W22>=100*C22,1,0),0)
A23: 10 | B23: C35 | C23: 1 | D23: 4.7u 10V | E23: C_0603_1608Metric | F23: Standard (0603) | G23: CL10A475KO8NNNC | H23: Samsung Electro-Mechanics | I23: C19666 | J23: 584680 | K23: =IF(ISNUMBER(J23),INT(J23/C23),0) | L23: 0.0114 | M23: LOW | N23: Stock fine; 2nd/3rd checked. | P23: EMK107ABJ475KA-T (Taiyo Yuden) | Q23: C92758 | R23: 157460 | S23: EQ | T23: Taiyo Yuden EMK107ABJ475KA-T 16 V X5R | U23: GRM188R61E475KE11D (muRata) | V23: C90057 | W23: 106410 | X23: EQ | Y23: Murata GRM188R61E475KE11D 25 V X5R | Z23: =IF(ISNUMBER(J23),IF(J23>=100*C23,1,0),0)+IF(ISNUMBER(R23),IF(R23>=100*C23,1,0),0)+IF(ISNUMBER(W23),IF(W23>=100*C23,1,0),0)
A24: 11 | B24: C38,C39 | C24: 2 | D24: 12p C0G | E24: C_0402_1005Metric | F24: Standard (0402) | G24: 0402CG120J500NT | H24: FH | I24: C1547 | J24: 1236600 | K24: =IF(ISNUMBER(J24),INT(J24/C24),0) | L24: 0.0013 | M24: LOW | N24: Stock fine; 2nd/3rd checked. | P24: 0402CG120F500NT (FH) | Q24: C182477 | R24: 145100 | S24: EQ | T24: FH 0402CG120F500NT 12 pF C0G 1 % | U24: AM02CG120J500NT (FH) | V24: C49238110 | W24: 6900 | X24: EQ | Y24: FH AM02CG120J500NT 12 pF C0G | Z24: =IF(ISNUMBER(J24),IF(J24>=100*C24,1,0),0)+IF(ISNUMBER(R24),IF(R24>=100*C24,1,0),0)+IF(ISNUMBER(W24),IF(W24>=100*C24,1,0),0)
A25: 12 | B25: C41,C42,C79,C91,C92 | C25: 5 | D25: 1n C0G | E25: C_0402_1005Metric | F25: Standard (0402) | G25: CC0402JRNPO9BN102 | H25: YAGEO | I25: C113780 | J25: 60500 | K25: =IF(ISNUMBER(J25),INT(J25/C25),0) | L25: 0.0096 | M25: LOW | N25: Stock fine; 2nd/3rd checked. | P25: 0402N102J500CT (Walsin) | Q25: C237166 | R25: 158300 | S25: EQ | T25: Walsin 0402N102J500CT 1 nF NP0 | U25: AC0402JRNPO9BN102 (YAGEO) | V25: C427014 | W25: 12750 | X25: EQ | Y25: Yageo AC0402JRNPO9BN102 1 nF NP0 | Z25: =IF(ISNUMBER(J25),IF(J25>=100*C25,1,0),0)+IF(ISNUMBER(R25),IF(R25>=100*C25,1,0),0)+IF(ISNUMBER(W25),IF(W25>=100*C25,1,0),0)
A26: 13 | B26: C45 | C26: 1 | D26: 470p C0G | E26: C_0402_1005Metric | F26: Standard (0402) | G26: CC0402JRNPO9BN471 | H26: YAGEO | I26: C106259 | J26: 349500 | K26: =IF(ISNUMBER(J26),INT(J26/C26),0) | L26: 0.0021 | M26: LOW | N26: Stock fine; 2nd/3rd checked. | P26: 0402N471J500CT (Walsin) | Q26: C295986 | R26: 74200 | S26: EQ | T26: Walsin 0402N471J500CT 470 pF NP0 | U26: CC0402GRNPO9BN471 (YAGEO) | V26: C541429 | W26: 2700 | X26: EQ | Y26: Yageo CC0402GRNPO9BN471 470 pF NP0 2 % | Z26: =IF(ISNUMBER(J26),IF(J26>=100*C26,1,0),0)+IF(ISNUMBER(R26),IF(R26>=100*C26,1,0),0)+IF(ISNUMBER(W26),IF(W26>=100*C26,1,0),0)
A27: 14 | B27: C47 | C27: 1 | D27: 10n C0G | E27: C_0402_1005Metric | F27: Standard (0402) | G27: GRM1555C1H103JE01D | H27: muRata | I27: C22400107 | J27: 52755 | K27: =IF(ISNUMBER(J27),INT(J27/C27),0) | L27: 0.06 | M27: LOW | N27: Stock fine; 2nd/3rd checked. | P27: GRM1555C1E103JE01D (muRata) | Q27: C3855387 | R27: 65320 | S27: EQ | T27: Murata GRM1555C1E103JE01D C0G 25 V (C47 sits on a 3.3 V ADC node) | U27: CGA0402C0G103J250GT (HRE) | V27: C36911359 | W27: 10855 | X27: EQ | Y27: HRE CGA0402C0G103J250GT C0G 25 V | Z27: =IF(ISNUMBER(J27),IF(J27>=100*C27,1,0),0)+IF(ISNUMBER(R27),IF(R27>=100*C27,1,0),0)+IF(ISNUMBER(W27),IF(W27>=100*C27,1,0),0)
A28: 15 | B28: C55 | C28: 1 | D28: 4.7n | E28: C_0603_1608Metric | F28: Standard (0603) | G28: 0603B472K500NT | H28: FH | I28: C53987 | J28: 309050 | K28: =IF(ISNUMBER(J28),INT(J28/C28),0) | L28: 0.0027 | M28: LOW | N28: Stock fine; 2nd/3rd checked. | P28: 0603B472K101NT (FH) | Q28: C12164 | R28: 14250 | S28: EQ | T28: FH 0603B472K101NT 100 V X7R | U28: 0603B472J500NT (FH) | V28: C168956 | W28: 9300 | X28: EQ | Y28: FH 0603B472J500NT 50 V X7R | Z28: =IF(ISNUMBER(J28),IF(J28>=100*C28,1,0),0)+IF(ISNUMBER(R28),IF(R28>=100*C28,1,0),0)+IF(ISNUMBER(W28),IF(W28>=100*C28,1,0),0)
A29: 16 | B29: C81,C93 | C29: 2 | D29: 220p C0G | E29: C_0402_1005Metric | F29: Standard (0402) | G29: CC0402JRNPO9BN221 | H29: YAGEO | I29: C107001 | J29: 483000 | K29: =IF(ISNUMBER(J29),INT(J29/C29),0) | L29: 0.0024 | M29: LOW | N29: Stock fine; 2nd/3rd checked. | P29: 0402N221J500CT (Walsin) | Q29: C301973 | R29: 33400 | S29: EQ | T29: Walsin 0402N221J500CT 220 pF NP0 | U29: CC0402GRNPO9BN221 (YAGEO) | V29: C541425 | W29: 27400 | X29: EQ | Y29: Yageo CC0402GRNPO9BN221 220 pF NP0 | Z29: =IF(ISNUMBER(J29),IF(J29>=100*C29,1,0),0)+IF(ISNUMBER(R29),IF(R29>=100*C29,1,0),0)+IF(ISNUMBER(W29),IF(W29>=100*C29,1,0),0)
A30: 17 | B30: C82 | C30: 1 | D30: C0805C473F3GECAUTO | E30: C_0805_2012Metric | F30: Standard (0805) | G30: C0805C473F3GECAUTO | H30: KEMET | I30: C2233314 | J30: 2403 | K30: =IF(ISNUMBER(J30),INT(J30/C30),0) | L30: 0.4834 | M30: LOW | N30: Stock fine; 2nd/3rd checked. | P30: C0805C473K3GECTU (KEMET) | Q30: C22409143 | R30: 830 | S30: DS | T30: KEMET C0805C473K3GECTU 47 nF C0G 10 % 25 V | U30: CL21B473KBCNNNC (Samsung Electro-Mechanics) | V30: C53134 | W30: 23600 | X30: EQ | Y30: previous primary (low / no stock) | Z30: =IF(ISNUMBER(J30),IF(J30>=100*C30,1,0),0)+IF(ISNUMBER(R30),IF(R30>=100*C30,1,0),0)+IF(ISNUMBER(W30),IF(W30>=100*C30,1,0),0)
A31: 18 | B31: C94 | C31: 1 | D31: 4.7n 100V X7R | E31: C_0603_1608Metric | F31: Standard (0603) | G31: CC0603KRX7R0BB472 | H31: YAGEO | I31: C115052 | J31: 80950 | K31: =IF(ISNUMBER(J31),INT(J31/C31),0) | L31: 0.008 | M31: LOW | N31: Stock fine; 2nd/3rd checked. | P31: 0603B472K101NT (FH) | Q31: C12164 | R31: 14250 | S31: EQ | T31: FH 0603B472K101NT 100 V X7R | U31: 0603B472K101CT (Walsin) | V31: C152940 | W31: 2600 | X31: EQ | Y31: Walsin 0603B472K101CT 100 V X7R | Z31: =IF(ISNUMBER(J31),IF(J31>=100*C31,1,0),0)+IF(ISNUMBER(R31),IF(R31>=100*C31,1,0),0)+IF(ISNUMBER(W31),IF(W31>=100*C31,1,0),0)
A32: 20 | B32: D1 | C32: 1 | D32: SMBJ51A | E32: D_SMB | F32: Standard (SMB) | G32: SMBJ51A | H32: OTW | I32: C20883337 | J32: 9260 | K32: =IF(ISNUMBER(J32),INT(J32/C32),0) | L32: 0.0163 | M32: LOW | N32: Stock fine; 2nd/3rd checked. | P32: SMBJ51A (Littelfuse) | Q32: C1973217 | R32: 7885 | S32: EQ | T32: Littelfuse SMBJ51A | U32: SMBJ51A (RUILON) | V32: C10225 | W32: 2665 | X32: EQ | Y32: RUILON SMBJ51A | Z32: =IF(ISNUMBER(J32),IF(J32>=100*C32,1,0),0)+IF(ISNUMBER(R32),IF(R32>=100*C32,1,0),0)+IF(ISNUMBER(W32),IF(W32>=100*C32,1,0),0)
A33: 21 | B33: D2,D6,D8,D9 | C33: 4 | D33: SS110 | E33: D_SMA | F33: Standard (SMA) | G33: SS110 | H33: MDD(Microdiode Semiconductor) | I33: C2482 | J33: 163400 | K33: =IF(ISNUMBER(J33),INT(J33/C33),0) | L33: 0.01 | M33: LOW | N33: Stock fine; 2nd/3rd checked. | P33: STPS1H100A (ST) | Q33: C165701 | R33: 18455 | S33: EQ | T33: ST STPS1H100A 100 V 1 A SMA (lower leakage) | U33: SS110 (Guangdong Hottech) | V33: C224219 | W33: 1360 | X33: EQ | Y33: previous primary (low / no stock) | Z33: =IF(ISNUMBER(J33),IF(J33>=100*C33,1,0),0)+IF(ISNUMBER(R33),IF(R33>=100*C33,1,0),0)+IF(ISNUMBER(W33),IF(W33>=100*C33,1,0),0)
A34: 22 | B34: D3 | C34: 1 | D34: NUP2105LT1G | E34: SOT-23 | F34: Standard (SOT-23) | G34: NUP2105LT1G | H34: onsemi | I34: C14486 | J34: 119530 | K34: =IF(ISNUMBER(J34),INT(J34/C34),0) | L34: 0.0381 | M34: LOW | N34: Stock fine; 2nd/3rd checked. | P34: NUP2105LT1G (GOODWORK) | Q34: C21713988 | R34: 68040 | S34: EQ | T34: GOODWORK NUP2105LT1G (same part no., same pinout 1=CAN 2=CAN 3=GND) | U34: NUP2105L (DOWO) | V34: C284104 | W34: 57270 | X34: EQ | Y34: DOWO NUP2105L | Z34: =IF(ISNUMBER(J34),IF(J34>=100*C34,1,0),0)+IF(ISNUMBER(R34),IF(R34>=100*C34,1,0),0)+IF(ISNUMBER(W34),IF(W34>=100*C34,1,0),0)
... A36: 24 | B36: D5 | C36: 1 | D36: RED FAULT | E36: LED_0603_1608Metric | F36: Standard (0603 LED) | G36: KT-0603R | H36: Hubei KENTO Elec | I36: C2286 | J36: 5889200 | K36: =IF(ISNUMBER(J36),INT(J36/C36),0) | L36: 0.0036 | M36: LOW | N36: Stock fine; 2nd/3rd checked. | P36: 19-217/R6C-AL1M2VY/6T (EVERLIGHT) | Q36: C2986060 | R36: 3778500 | S36: EQ | T36: Everlight 19-217/R6C red | U36: 19-217/R6C-P1Q2/6T (EVERLIGHT) | V36: C2986061 | W36: 64200 | X36: EQ | Y36: Everlight 19-217/R6C-P1Q2 red | Z36: =IF(ISNUMBER(J36),IF(J36>=100*C36,1,0),0)+IF(ISNUMBER(R36),IF(R36>=100*C36,1,0),0)+IF(ISNUMBER(W36),IF(W36>=100*C36,1,0),0)
A37: 25 | B37: D7 | C37: 1 | D37: 1N4148W | E37: D_SOD-123 | F37: Standard (SOD-123) | G37: 1N4148W | H37: ST(Semtech) | I37: C81598 | J37: 2881050 | K37: =IF(ISNUMBER(J37),INT(J37/C37),0) | L37: 0.0061 | M37: LOW | N37: Stock fine; 2nd/3rd checked. | P37: 1N4448W (ST(Semtech)) | Q37: C108428 | R37: 1400 | S37: EQ | T37: 1N4448W 80 V SOD-123 | Y37: none in stock on LCSC | Z37: =IF(ISNUMBER(J37),IF(J37>=100*C37,1,0),0)+IF(ISNUMBER(R37),IF(R37>=100*C37,1,0),0)+IF(ISNUMBER(W37),IF(W37>=100*C37,1,0),0)
A38: 27 | B38: FB1 | C38: 1 | D38: BLM18KG601SN1D | E38: L_0603_1608Metric | F38: Standard (0603 bead) | G38: BLM18KG601SN1D | H38: muRata | I38: C85833 | J38: 806800 | K38: =IF(ISNUMBER(J38),INT(J38/C38),0) | L38: 0.0093 | M38: LOW | N38: Stock fine; 2nd/3rd checked. | P38: BLM18KG601SH1D (muRata) | Q38: C710379 | R38: 21960 | S38: EQ | T38: Murata BLM18KG601SH1D 600R 1.3 A | Y38: none in stock on LCSC | Z38: =IF(ISNUMBER(J38),IF(J38>=100*C38,1,0),0)+IF(ISNUMBER(R38),IF(R38>=100*C38,1,0),0)+IF(ISNUMBER(W38),IF(W38>=100*C38,1,0),0)
A39: 29 | B39: L2,L3 | C39: 2 | D39: FNR5040S470MT | E39: L_Sunlord_SWPA5040S | F39: De-facto standard (many makers) (5040 shielded) | G39: FNR5040S470MT | H39: cjiang | I39: C167974 | J39: 35940 | K39: =IF(ISNUMBER(J39),INT(J39/C39),0) | L39: 0.0455 | M39: LOW | N39: Stock fine; 2nd/3rd checked. | P39: ANR5040T470M (APV) | Q39: C7427133 | R39: 7940 | S39: CHK | T39: APV ANR5040T470M 47 uH 1.3 A sat - no datasheet on LCSC; 5040 body | Y39: none in stock on LCSC | Z39: =IF(ISNUMBER(J39),IF(J39>=100*C39,1,0),0)+IF(ISNUMBER(R39),IF(R39>=100*C39,1,0),0)+IF(ISNUMBER(W39),IF(W39>=100*C39,1,0),0)
A40: 31 | B40: Q2,Q3,Q5,Q6 | C40: 4 | D40: NCEP068N10G | E40: TDSON-8-1 | F40: Standard (DFN5x6 / PowerPAK SO-8) | G40: NCEP068N10G | H40: NCE | I40: C503061 | J40: 7577 | K40: =IF(ISNUMBER(J40),INT(J40/C40),0) | L40: 0.6372 | M40: LOW | N40: Stock fine; 2nd/3rd checked. | P40: NCEP095N10AG (NCE) | Q40: C2686677 | R40: 645 | S40: DS | T40: NCE NCEP095N10AG 100 V 12 mOhm, Qg 54 nC | U40: NCEP0160AG (NCE) | V40: C503012 | W40: 38 | X40: EQ | Y40: previous primary (low / no stock) | Z40: =IF(ISNUMBER(J40),IF(J40>=100*C40,1,0),0)+IF(ISNUMBER(R40),IF(R40>=100*C40,1,0),0)+IF(ISNUMBER(W40),IF(W40>=100*C40,1,0),0)
A41: 32 | B41: Q7,Q8 | C41: 2 | D41: BSC160N15NS5 | E41: TDSON-8-1 | F41: Standard (DFN5x6 / SuperSO8) | G41: BSC160N15NS5 | H41: Infineon | I41: C459172 | J41: 4771 | K41: =IF(ISNUMBER(J41),INT(J41/C41),0) | L41: 0.5455 | M41: LOW | N41: Stock fine; 2nd/3rd checked. | P41: SP015N13GHNK (Siliup) | Q41: C22466810 | R41: 465 | S41: DS | T41: Siliup SP015N13GHNK 150 V 13 mOhm, Qg 30 nC (primary 19 nC) - fine for UCC27524 | U41: LN7910DT1WG (LRC) | V41: C2936692 | W41: 1461 | X41: CHK | Y41: LRC LN7910DT1WG 150 V 15 mOhm - Qg not readable in the datasheet text | Z41: =IF(ISNUMBER(J41),IF(J41>=100*C41,1,0),0)+IF(ISNUMBER(R41),IF(R41>=100*C41,1,0),0)+IF(ISNUMBER(W41),IF(W41>=100*C41,1,0),0)
A42: 33 | B42: Q9 | C42: 1 | D42: MMBT3906 | E42: SOT-23 | F42: Standard (SOT-23) | G42: MMBT3906LT1G | H42: onsemi | I42: C53444 | J42: 938050 | K42: =IF(ISNUMBER(J42),INT(J42/C42),0) | L42: 0.0086 | M42: LOW | N42: Stock fine; 2nd/3rd checked. | P42: PMBT3906,215 (Nexperia) | Q42: C8670 | R42: 114520 | S42: EQ | T42: Nexperia PMBT3906 | U42: S-LMBT3906LT1G (LRC) | V42: C383300 | W42: 5280 | X42: EQ | Y42: LRC S-LMBT3906LT1G | Z42: =IF(ISNUMBER(J42),IF(J42>=100*C42,1,0),0)+IF(ISNUMBER(R42),IF(R42>=100*C42,1,0),0)+IF(ISNUMBER(W42),IF(W42>=100*C42,1,0),0)
A43: 34 | B43: Q10 | C43: 1 | D43: 2N7002 | E43: SOT-23 | F43: Standard (SOT-23) | G43: 2N7002 | H43: JSCJ | I43: C8545 | J43: 1919050 | K43: =IF(ISNUMBER(J43),INT(J43/C43),0) | L43: 0.0105 | M43: LOW | N43: Stock fine; 2nd/3rd checked. | P43: BSS123 (JSCJ) | Q43: C79015 | R43: 150960 | S43: EQ | T43: JSCJ BSS123 100 V (G-S-D pinout) | U43: CJ2310 (JSCJ) | V43: C75882 | W43: 156800 | X43: EQ | Y43: JSCJ CJ2310 60 V 3 A | Z43: =IF(ISNUMBER(J43),IF(J43>=100*C43,1,0),0)+IF(ISNUMBER(R43),IF(R43>=100*C43,1,0),0)+IF(ISNUMBER(W43),IF(W43>=100*C43,1,0),0)
A44: 36 | B44: R1 | C44: 1 | D44: 47k | E44: R_1206_3216Metric | F44: Standard (1206) | G44: FRC1206J473 TS | H44: FOJAN | I44: C2907507 | J44: 771700 | K44: =IF(ISNUMBER(J44),INT(J44/C44),0) | L44: 0.0022 | M44: LOW | N44: Stock fine; 2nd/3rd checked. | P44: RC1206FR-0747KL (YAGEO) | Q44: C137270 | R44: 372600 | S44: EQ | T44: Yageo RC1206FR-0747KL 1 % (primary is 5 %) | U44: FRC1206F4702TS (FOJAN) | V44: C2933708 | W44: 296200 | X44: EQ | Y44: FOJAN FRC1206F4702TS 1 % | Z44: =IF(ISNUMBER(J44),IF(J44>=100*C44,1,0),0)+IF(ISNUMBER(R44),IF(R44>=100*C44,1,0),0)+IF(ISNUMBER(W44),IF(W44>=100*C44,1,0),0)
A45: 37 | B45: R4,R5,R10,R11,R68,R69 | C45: 6 | D45: 4R7 | E45: R_0603_1608Metric | F45: Standard (0603) | G45: 0603WAF470KT5E | H45: UNI-ROYAL | I45: C23164 | J45: 20900 | K45: =IF(ISNUMBER(J45),INT(J45/C45),0) | L45: 0.0014 | M45: LOW | N45: Stock fine; 2nd/3rd checked. | P45: FRC0603F4R70TS (FOJAN) | Q45: C2907035 | R45: 4914100 | S45: EQ | T45: FOJAN FRC0603F4R70TS | U45: RC0603FR-074R7L (YAGEO) | V45: C137705 | W45: 8600 | X45: EQ | Y45: Yageo RC0603FR-074R7L | Z45: =IF(ISNUMBER(J45),IF(J45>=100*C45,1,0),0)+IF(ISNUMBER(R45),IF(R45>=100*C45,1,0),0)+IF(ISNUMBER(W45),IF(W45>=100*C45,1,0),0)
A46: 38 | B46: R6,R7,R8,R9,R12,R13,R14,R15,R20,R32,R33,R34,R35,R36,R37,R64,R65,R66,R67,R70,R71,R72,R73,R74,R79,R80,R83,R90,R91,R92,R93,R94,R95,R96,R97,R98,R99,R100,R101,R102,R103,R104,R105,R108,R113,R19,R29,R78,R87,R111,R120 | C46: 51 | D46: 10k | E46: R_0402_1005Metric | F46: Standard (0402) | G46: FRC0402F1002TS | H46: FOJAN | I46: C2906861 | J46: 14247200 | K46: =IF(ISNUMBER(J46),INT(J46/C46),0) | L46: 0.0008 | M46: LOW | N46: Stock fine; 2nd/3rd checked. | P46: RC0402FR-0710KL (YAGEO) | Q46: C60490 | R46: 431300 | S46: EQ | T46: Yageo RC0402FR-0710KL | Y46: none in stock on LCSC | Z46: =IF(ISNUMBER(J46),IF(J46>=100*C46,1,0),0)+IF(ISNUMBER(R46),IF(R46>=100*C46,1,0),0)+IF(ISNUMBER(W46),IF(W46>=100*C46,1,0),0)
A47: 39 | B47: R16,R18,R86 | C47: 3 | D47: 56k 1% | E47: R_0402_1005Metric | F47: Standard (0402) | G47: 0402WGF5602TCE | H47: UNI-ROYAL | I47: C25796 | J47: 13600 | K47: =IF(ISNUMBER(J47),INT(J47/C47),0) | L47: 0.0016 | M47: LOW | N47: Stock fine; 2nd/3rd checked. | P47: RC0402FR-0756KL (YAGEO) | Q47: C114756 | R47: 1195200 | S47: EQ | T47: Yageo RC0402FR-0756KL | U47: FRC0402F5602TS (FOJAN) | V47: C2906875 | W47: 728300 | X47: EQ | Y47: FOJAN FRC0402F5602TS | Z47: =IF(ISNUMBER(J47),IF(J47>=100*C47,1,0),0)+IF(ISNUMBER(R47),IF(R47>=100*C47,1,0),0)+IF(ISNUMBER(W47),IF(W47>=100*C47,1,0),0)
A48: 40 | B48: R17,R88 | C48: 2 | D48: 15k 1% | E48: R_0402_1005Metric | F48: Standard (0402) | G48: 0402WGF1502TCE | H48: UNI-ROYAL | I48: C25756 | J48: 1071900 | K48: =IF(ISNUMBER(J48),INT(J48/C48),0) | L48: 0.0005 | M48: LOW | N48: Stock fine; 2nd/3rd checked. | P48: RC0402FR-0715KL (YAGEO) | Q48: C114761 | R48: 1482500 | S48: EQ | T48: Yageo RC0402FR-0715KL | U48: FRC0402F1502TS (FOJAN) | V48: C2909322 | W48: 2074900 | X48: EQ | Y48: FOJAN FRC0402F1502TS | Z48: =IF(ISNUMBER(J48),IF(J48>=100*C48,1,0),0)+IF(ISNUMBER(R48),IF(R48>=100*C48,1,0),0)+IF(ISNUMBER(W48),IF(W48>=100*C48,1,0),0)
A49: 41 | B49: R21,R23 | C49: 2 | D49: 100k 0.1% | E49: R_0603_1608Metric | F49: Standard (0603) | G49: RT0603BRD07100KL | H49: YAGEO | I49: C122538 | J49: 1098200 | K49: =IF(ISNUMBER(J49),INT(J49/C49),0) | L49: 0.0218 | M49: LOW | N49: Stock fine; 2nd/3rd checked. | P49: TNPW0603100KBEEA (VISHAY) | Q49: C844888 | R49: 46265 | S49: EQ | T49: Vishay TNPW0603100KBEEA 0.1 % 25 ppm | U49: ERA3AEB104V (PANASONIC) | V49: C190609 | W49: 540 | X49: EQ | Y49: Panasonic ERA3AEB104V 0.1 % 25 ppm | Z49: =IF(ISNUMBER(J49),IF(J49>=100*C49,1,0),0)+IF(ISNUMBER(R49),IF(R49>=100*C49,1,0),0)+IF(ISNUMBER(W49),IF(W49>=100*C49,1,0),0)
A50: 42 | B50: R22,R24 | C50: 2 | D50: 5.1k 0.1% | E50: R_0402_1005Metric | F50: Standard (0402) | G50: RN73H1ETTP5101B25 | H50: KOA | I50: C186154 | J50: 6975 | K50: =IF(ISNUMBER(J50),INT(J50/C50),0) | L50: 0.0947 | M50: LOW | N50: Stock fine; 2nd/3rd checked. | P50: RT0402BRD075K1L (YAGEO) | Q50: C852856 | R50: 15760 | S50: EQ | T50: Yageo RT0402BRD075K1L 0.1 % 25 ppm | U50: TNPW04025K10BEED (VISHAY) | V50: C2088796 | W50: 7905 | X50: EQ | Y50: Vishay TNPW04025K10BEED | Z50: =IF(ISNUMBER(J50),IF(J50>=100*C50,1,0),0)+IF(ISNUMBER(R50),IF(R50>=100*C50,1,0),0)+IF(ISNUMBER(W50),IF(W50>=100*C50,1,0),0)
A51: 43 | B51: R25,R26 | C51: 2 | D51: 1k 0.1% | E51: R_0402_1005Metric | F51: Standard (0402) | G51: RN73H1ETTP1001B25 | H51: KOA | I51: C186137 | J51: 8110 | K51: =IF(ISNUMBER(J51),INT(J51/C51),0) | L51: 0.1296 | M51: LOW | N51: Stock fine; 2nd/3rd checked. | P51: RT0402BRD071KL (YAGEO) | Q51: C852624 | R51: 293450 | S51: EQ | T51: Yageo RT0402BRD071KL 0.1 % 25 ppm | U51: ARG02BTC1001 (Viking) | V51: C2984405 | W51: 26950 | X51: EQ | Y51: Viking ARG02BTC1001 | Z51: =IF(ISNUMBER(J51),IF(J51>=100*C51,1,0),0)+IF(ISNUMBER(R51),IF(R51>=100*C51,1,0),0)+IF(ISNUMBER(W51),IF(W51>=100*C51,1,0),0)
A52: 44 | B52: R27 | C52: 1 | D52: 100R | E52: R_0402_1005Metric | F52: Standard (0402) | G52: 0402WGF1000TCE | H52: UNI-ROYAL | I52: C25076 | J52: 3045000 | K52: =IF(ISNUMBER(J52),INT(J52/C52),0) | L52: 0.0008 | M52: LOW | N52: Stock fine; 2nd/3rd checked. | P52: RC0402FR-07100RL (YAGEO) | Q52: C106232 | R52: 8387000 | S52: EQ | T52: Yageo RC0402FR-07100RL | U52: FRC0402F1000TS (FOJAN) | V52: C2906860 | W52: 7638200 | X52: EQ | Y52: FOJAN FRC0402F1000TS | Z52: =IF(ISNUMBER(J52),IF(J52>=100*C52,1,0),0)+IF(ISNUMBER(R52),IF(R52>=100*C52,1,0),0)+IF(ISNUMBER(W52),IF(W52>=100*C52,1,0),0)
A53: 45 | B53: R28,R38,R39,R40,R41,R42,R43,R44,R45,R85,R106,R109,R115,R118 | C53: 14 | D53: 1k | E53: R_0402_1005Metric | F53: Standard (0402) | G53: 0402WGF1001TCE | H53: UNI-ROYAL | I53: C11702 | J53: 8909200 | K53: =IF(ISNUMBER(J53),INT(J53/C53),0) | L53: 0.0008 | M53: LOW | N53: Stock fine; 2nd/3rd checked. | P53: FRC0402F1001TS (FOJAN) | Q53: C2906864 | R53: 14359800 | S53: EQ | T53: FOJAN FRC0402F1001TS | U53: RC0402FR-071KL (YAGEO) | V53: C106235 | W53: 209800 | X53: EQ | Y53: Yageo RC0402FR-071KL | Z53: =IF(ISNUMBER(J53),IF(J53>=100*C53,1,0),0)+IF(ISNUMBER(R53),IF(R53>=100*C53,1,0),0)+IF(ISNUMBER(W53),IF(W53>=100*C53,1,0),0)
A54: 46 | B54: R30,R31 | C54: 2 | D54: 60.4R | E54: R_0603_1608Metric | F54: Standard (0603) | G54: FRC0603F60R4TS | H54: FOJAN | I54: C2933247 | J54: 423800 | K54: =IF(ISNUMBER(J54),INT(J54/C54),0) | L54: 0.001 | M54: LOW | N54: 423 k pcs; Yageo 60.4R 2nd; no 3rd in stock. | P54: RC0603FR-0760R4L (YAGEO) | Q54: C245987 | R54: 191800 | S54: EQ | T54: Yageo RC0603FR-0760R4L | Y54: none in stock on LCSC | Z54: =IF(ISNUMBER(J54),IF(J54>=100*C54,1,0),0)+IF(ISNUMBER(R54),IF(R54>=100*C54,1,0),0)+IF(ISNUMBER(W54),IF(W54>=100*C54,1,0),0)
A55: 47 | B55: R62,R63 | C55: 2 | D55: 2R2 | E55: R_0603_1608Metric | F55: Standard (0603) | G55: FRC0603F2R20TS | H55: FOJAN | I55: C2907006 | J55: 3848600 | K55: =IF(ISNUMBER(J55),INT(J55/C55),0) | L55: 0.0013 | M55: LOW | N55: Stock fine; 2nd/3rd checked. | P55: RC0603FR-072R2L (YAGEO) | Q55: C112307 | R55: 445600 | S55: EQ | T55: Yageo RC0603FR-072R2L | Y55: none in stock on LCSC | Z55: =IF(ISNUMBER(J55),IF(J55>=100*C55,1,0),0)+IF(ISNUMBER(R55),IF(R55>=100*C55,1,0),0)+IF(ISNUMBER(W55),IF(W55>=100*C55,1,0),0)
A56: 48 | B56: R75 | C56: 1 | D56: 470k | E56: R_0603_1608Metric | F56: Standard (0603) | G56: 0603WAF4703T5E | H56: UNI-ROYAL | I56: C23178 | J56: 655300 | K56: =IF(ISNUMBER(J56),INT(J56/C56),0) | L56: 0.0014 | M56: LOW | N56: Stock fine; 2nd/3rd checked. | P56: RC0603FR-07470KL (YAGEO) | Q56: C114622 | R56: 272700 | S56: EQ | T56: Yageo RC0603FR-07470KL | U56: FRC0603F4703TS (FOJAN) | V56: C2907040 | W56: 2245400 | X56: EQ | Y56: FOJAN FRC0603F4703TS | Z56: =IF(ISNUMBER(J56),IF(J56>=100*C56,1,0),0)+IF(ISNUMBER(R56),IF(R56>=100*C56,1,0),0)+IF(ISNUMBER(W56),IF(W56>=100*C56,1,0),0)
A57: 49 | B57: R76 | C57: 1 | D57: 68k | E57: R_0402_1005Metric | F57: Standard (0402) | G57: 0402WGF6802TCE | H57: UNI-ROYAL | I57: C36871 | J57: 2300 | K57: =IF(ISNUMBER(J57),INT(J57/C57),0) | L57: 0.0011 | M57: LOW | N57: Stock fine; 2nd/3rd checked. | P57: RC0402FR-0768KL (YAGEO) | Q57: C137947 | R57: 473100 | S57: EQ | T57: Yageo RC0402FR-0768KL | U57: FRC0402F6802TS (FOJAN) | V57: C2909379 | W57: 1801400 | X57: EQ | Y57: FOJAN FRC0402F6802TS | Z57: =IF(ISNUMBER(J57),IF(J57>=100*C57,1,0),0)+IF(ISNUMBER(R57),IF(R57>=100*C57,1,0),0)+IF(ISNUMBER(W57),IF(W57>=100*C57,1,0),0)
A58: 50 | B58: R77 | C58: 1 | D58: 120k 1% | E58: R_0402_1005Metric | F58: Standard (0402) | G58: 0402WGF1203TCE | H58: UNI-ROYAL | I58: C25750 | J58: 390700 | K58: =IF(ISNUMBER(J58),INT(J58/C58),0) | L58: 0.0006 | M58: LOW | N58: Stock fine; 2nd/3rd checked. | P58: RC0402FR-07120KL (YAGEO) | Q58: C93945 | R58: 1326500 | S58: EQ | T58: Yageo RC0402FR-07120KL | U58: FRC0402F1203TS (FOJAN) | V58: C2909314 | W58: 1322500 | X58: EQ | Y58: FOJAN FRC0402F1203TS | Z58: =IF(ISNUMBER(J58),IF(J58>=100*C58,1,0),0)+IF(ISNUMBER(R58),IF(R58>=100*C58,1,0),0)+IF(ISNUMBER(W58),IF(W58>=100*C58,1,0),0)
A59: 52 | B59: R82 | C59: 1 | D59: 10k 0.1% | E59: R_0402_1005Metric | F59: Standard (0402) | G59: TNPW040210K0BEED | H59: VISHAY | I59: C844452 | J59: 55710 | K59: =IF(ISNUMBER(J59),INT(J59/C59),0) | L59: 0.0341 | M59: LOW | N59: Stock fine; 2nd/3rd checked. | P59: TC02G1002BT (FH) | Q59: C2961361 | R59: 7510 | S59: EQ | T59: FH TC02G1002BT 0.1 % 25 ppm | Y59: none in stock on LCSC | Z59: =IF(ISNUMBER(J59),IF(J59>=100*C59,1,0),0)+IF(ISNUMBER(R59),IF(R59>=100*C59,1,0),0)+IF(ISNUMBER(W59),IF(W59>=100*C59,1,0),0)
A60: 53 | B60: R84 | C60: 1 | D60: 2.2M | E60: R_0402_1005Metric | F60: Standard (0402) | G60: 0402WGF2204TCE | H60: UNI-ROYAL | I60: C11490 | J60: 5900 | K60: =IF(ISNUMBER(J60),INT(J60/C60),0) | L60: 0.0005 | M60: LOW | N60: Stock fine; 2nd/3rd checked. | P60: RC0402FR-072M2L (YAGEO) | Q60: C138015 | R60: 115100 | S60: EQ | T60: Yageo RC0402FR-072M2L | U60: FRC0402F2204TS (FOJAN) | V60: C2998080 | W60: 349600 | X60: EQ | Y60: FOJAN FRC0402F2204TS | Z60: =IF(ISNUMBER(J60),IF(J60>=100*C60,1,0),0)+IF(ISNUMBER(R60),IF(R60>=100*C60,1,0),0)+IF(ISNUMBER(W60),IF(W60>=100*C60,1,0),0)
A61: 54 | B61: R89 | C61: 1 | D61: 22R | E61: R_0402_1005Metric | F61: Standard (0402) | G61: FRC0402F22R0TS | H61: FOJAN | I61: C2929994 | J61: 4263000 | K61: =IF(ISNUMBER(J61),INT(J61/C61),0) | L61: 0.0011 | M61: LOW | N61: Stock fine; 2nd/3rd checked. | P61: RC0402FR-0722RL (YAGEO) | Q61: C114765 | R61: 2478600 | S61: EQ | T61: Yageo RC0402FR-0722RL | Y61: none in stock on LCSC | Z61: =IF(ISNUMBER(J61),IF(J61>=100*C61,1,0),0)+IF(ISNUMBER(R61),IF(R61>=100*C61,1,0),0)+IF(ISNUMBER(W61),IF(W61>=100*C61,1,0),0)
A62: 55 | B62: R107 | C62: 1 | D62: 100k | E62: R_0402_1005Metric | F62: Standard (0402) | G62: 0402WGF1003TCE | H62: UNI-ROYAL | I62: C25741 | J62: 2245100 | K62: =IF(ISNUMBER(J62),INT(J62/C62),0) | L62: 0.0008 | M62: LOW | N62: Stock fine; 2nd/3rd checked. | P62: RC0402FR-07100KL (YAGEO) | Q62: C60491 | R62: 8076400 | S62: EQ | T62: Yageo RC0402FR-07100KL | U62: FRC0402F1003TS (FOJAN) | V62: C2906859 | W62: 4253800 | X62: EQ | Y62: FOJAN FRC0402F1003TS | Z62: =IF(ISNUMBER(J62),IF(J62>=100*C62,1,0),0)+IF(ISNUMBER(R62),IF(R62>=100*C62,1,0),0)+IF(ISNUMBER(W62),IF(W62>=100*C62,1,0),0)
A63: 56 | B63: R110 | C63: 1 | D63: 4.7M | E63: R_0402_1005Metric | F63: Standard (0402) | G63: AC0402FR-074M7L | H63: YAGEO | I63: C227116 | J63: 4300 | K63: =IF(ISNUMBER(J63),INT(J63/C63),0) | L63: 0.0031 | M63: LOW | N63: Stock fine; 2nd/3rd checked. | P63: FRC0402F4704TS (FOJAN) | Q63: C3013173 | R63: 108900 | S63: EQ | T63: FOJAN FRC0402F4704TS | U63: RC0402FR-074M7L (YAGEO) | V63: C354978 | W63: 48400 | X63: EQ | Y63: Yageo RC0402FR-074M7L | Z63: =IF(ISNUMBER(J63),IF(J63>=100*C63,1,0),0)+IF(ISNUMBER(R63),IF(R63>=100*C63,1,0),0)+IF(ISNUMBER(W63),IF(W63>=100*C63,1,0),0)
A64: 57 | B64: R112 | C64: 1 | D64: 10R | E64: R_0603_1608Metric | F64: Standard (0603) | G64: 0603WAF100JT5E | H64: UNI-ROYAL | I64: C22859 | J64: 1142980 | K64: =IF(ISNUMBER(J64),INT(J64/C64),0) | L64: 0.0017 | M64: LOW | N64: Stock fine; 2nd/3rd checked. | P64: RC0603FR-0710RL (YAGEO) | Q64: C109318 | R64: 5228200 | S64: EQ | T64: Yageo RC0603FR-0710RL | U64: FRC0603F10R0TS (FOJAN) | V64: C2906983 | W64: 1939500 | X64: EQ | Y64: FOJAN FRC0603F10R0TS | Z64: =IF(ISNUMBER(J64),IF(J64>=100*C64,1,0),0)+IF(ISNUMBER(R64),IF(R64>=100*C64,1,0),0)+IF(ISNUMBER(W64),IF(W64>=100*C64,1,0),0)
A65: 58 | B65: R114 | C65: 1 | D65: 0R5 1% | E65: R_1206_3216Metric | F65: Standard (1206) | G65: 1206W4F500LT5E | H65: UNI-ROYAL | I65: C25340 | J65: 454700 | K65: =IF(ISNUMBER(J65),INT(J65/C65),0) | L65: 0.0041 | M65: LOW | N65: Stock fine; 2nd/3rd checked. | P65: RL1206FR-070R5L (YAGEO) | Q65: C327075 | R65: 7000 | S65: EQ | T65: Yageo RL1206FR-070R5L | U65: HP06W2F500LT5E (UNI-ROYAL) | V65: C2759131 | W65: 9680 | X65: EQ | Y65: UNI-ROYAL HP06W2F500LT5E 0.5 W | Z65: =IF(ISNUMBER(J65),IF(J65>=100*C65,1,0),0)+IF(ISNUMBER(R65),IF(R65>=100*C65,1,0),0)+IF(ISNUMBER(W65),IF(W65>=100*C65,1,0),0)
A66: 59 | B66: R116 | C66: 1 | D66: 4k7 | E66: R_1206_3216Metric | F66: Standard (1206) | G66: 1206W4F4701T5E | H66: UNI-ROYAL | I66: C17936 | J66: 2003100 | K66: =IF(ISNUMBER(J66),INT(J66/C66),0) | L66: 0.0037 | M66: LOW | N66: Stock fine; 2nd/3rd checked. | P66: RC1206FR-074K7L (YAGEO) | Q66: C137262 | R66: 47700 | S66: EQ | T66: Yageo RC1206FR-074K7L | U66: NQ06W4F4701T5E (UNI-ROYAL) | V66: C965034 | W66: 5450 | X66: EQ | Y66: UNI-ROYAL NQ06W4F4701T5E | Z66: =IF(ISNUMBER(J66),IF(J66>=100*C66,1,0),0)+IF(ISNUMBER(R66),IF(R66>=100*C66,1,0),0)+IF(ISNUMBER(W66),IF(W66>=100*C66,1,0),0)
A67: 60 | B67: R117 | C67: 1 | D67: 1k5 | E67: R_0402_1005Metric | F67: Standard (0402) | G67: 0402WGF1501TCE | H67: UNI-ROYAL | I67: C25867 | J67: 778200 | K67: =IF(ISNUMBER(J67),INT(J67/C67),0) | L67: 0.0013 | M67: LOW | N67: Stock fine; 2nd/3rd checked. | P67: RC0402FR-071K5L (YAGEO) | Q67: C114759 | R67: 965400 | S67: EQ | T67: Yageo RC0402FR-071K5L | U67: FRC0402F1501TS (FOJAN) | V67: C2933074 | W67: 2177800 | X67: EQ | Y67: FOJAN FRC0402F1501TS | Z67: =IF(ISNUMBER(J67),IF(J67>=100*C67,1,0),0)+IF(ISNUMBER(R67),IF(R67>=100*C67,1,0),0)+IF(ISNUMBER(W67),IF(W67>=100*C67,1,0),0)
A68: 61 | B68: R119 | C68: 1 | D68: 30k 1% | E68: R_0402_1005Metric | F68: Standard (0402) | G68: 0402WGF3002TCE | H68: UNI-ROYAL | I68: C25776 | J68: 1408700 | K68: =IF(ISNUMBER(J68),INT(J68/C68),0) | L68: 0.0008 | M68: LOW | N68: Stock fine; 2nd/3rd checked. | P68: RC0402FR-0730KL (YAGEO) | Q68: C138008 | R68: 307000 | S68: EQ | T68: Yageo RC0402FR-0730KL | U68: FRC0402F3002TS (FOJAN) | V68: C2909347 | W68: 1724400 | X68: EQ | Y68: FOJAN FRC0402F3002TS | Z68: =IF(ISNUMBER(J68),IF(J68>=100*C68,1,0),0)+IF(ISNUMBER(R68),IF(R68>=100*C68,1,0),0)+IF(ISNUMBER(W68),IF(W68>=100*C68,1,0),0)
A69: 62 | B69: R121 | C69: 1 | D69: 4k7 | E69: R_0402_1005Metric | F69: Standard (0402) | G69: 0402WGF4701TCE | H69: UNI-ROYAL | I69: C25900 | J69: 8383200 | K69: =IF(ISNUMBER(J69),INT(J69/C69),0) | L69: 0.0011 | M69: LOW | N69: Stock fine; 2nd/3rd checked. | P69: RC0402FR-074K7L (YAGEO) | Q69: C105871 | R69: 7531300 | S69: EQ | T69: Yageo RC0402FR-074K7L | U69: CQ02WGF4701TCE (UNI-ROYAL) | V69: C2765614 | W69: 89400 | X69: EQ | Y69: UNI-ROYAL CQ02WGF4701TCE | Z69: =IF(ISNUMBER(J69),IF(J69>=100*C69,1,0),0)+IF(ISNUMBER(R69),IF(R69>=100*C69,1,0),0)+IF(ISNUMBER(W69),IF(W69>=100*C69,1,0),0)
A70: 63 | B70: R123,R124,R125,R126,R127,R128 | C70: 6 | D70: 0402WGF475JTCE | E70: R_0402_1005Metric | F70: Standard (0402) | G70: 0402WGF475JTCE | H70: UNI-ROYAL | I70: C82290 | J70: 10000 | K70: =IF(ISNUMBER(J70),INT(J70/C70),0) | L70: 0.0013 | M70: LOW | N70: Stock fine; 2nd/3rd checked. | P70: FRC0402F47R5TS (FOJAN) | Q70: C5159689 | R70: 2400 | S70: EQ | T70: FOJAN FRC0402F47R5TS 47.5 R 1% 0402 62.5 mW | U70: RTT0247R5FTH (RALEC) | V70: C159023 | W70: 9900 | X70: EQ | Y70: RALEC RTT0247R5FTH 47.5 R 1% 0402 62.5 mW | Z70: =IF(ISNUMBER(J70),IF(J70>=100*C70,1,0),0)+IF(ISNUMBER(R70),IF(R70>=100*C70,1,0),0)+IF(ISNUMBER(W70),IF(W70>=100*C70,1,0),0)
A71: 64 | B71: R129 | C71: 1 | D71: FRC0603F2R00TS | E71: R_0603_1608Metric | F71: Standard (0603) | G71: FRC0603F2R00TS | H71: FOJAN | I71: C2933191 | J71: 2259500 | K71: =IF(ISNUMBER(J71),INT(J71/C71),0) | L71: 0.0022 | M71: LOW | N71: Stock fine; 2nd/3rd checked. | P71: RC0603FR-7W2RL (YAGEO) | Q71: C2930558 | R71: 17600 | S71: EQ | T71: YAGEO RC0603FR-7W2RL 2 R 1% 0603 200 mW | Y71: none in stock on LCSC | Z71: =IF(ISNUMBER(J71),IF(J71>=100*C71,1,0),0)+IF(ISNUMBER(R71),IF(R71>=100*C71,1,0),0)+IF(ISNUMBER(W71),IF(W71>=100*C71,1,0),0)
A72: 65 | B72: RS1 | C72: 1 | D72: HoJLR2512-3W-4mR-1% | E72: R_2512_6332Metric | F72: Standard (2512) | G72: HoJLR2512-3W-4mR-1% | H72: Milliohm | I72: C2904236 | J72: 21240 | K72: =IF(ISNUMBER(J72),INT(J72/C72),0) | L72: 0.0415 | M72: LOW | N72: Stock fine; 2nd/3rd checked. | P72: HoLR2512-3W-4mR-1%-15ppm (Milliohm) | Q72: C2908366 | R72: 3915 | S72: EQ | T72: Milliohm HoLR2512-3W-4mR-1%-15ppm | U72: LR2512D-3W-4mR-1% (Milliohm) | V72: C500738 | W72: 3680 | X72: EQ | Y72: previous primary (low / no stock) | Z72: =IF(ISNUMBER(J72),IF(J72>=100*C72,1,0),0)+IF(ISNUMBER(R72),IF(R72>=100*C72,1,0),0)+IF(ISNUMBER(W72),IF(W72>=100*C72,1,0),0)
A73: 66 | B73: RSH1 | C73: 1 | D73: 10m 1% 1W | E73: R_2512_6332Metric | F73: Standard (2512) | G73: GX2512-2W-10mR-1% | H73: Milliohm | I73: C500718 | J73: 2140 | K73: =IF(ISNUMBER(J73),INT(J73/C73),0) | L73: 0.0414 | M73: LOW | N73: Stock fine; 2nd/3rd checked. | P73: HoYLR2512-3W-10mR-1% (Milliohm) | Q73: C5375464 | R73: 223160 | S73: EQ | T73: Milliohm HoYLR2512-3W-10mR-1% | U73: HoLLR2512-3W-10mR-1% (Milliohm) | V73: C2994644 | W73: 4180 | X73: EQ | Y73: Milliohm HoLLR2512-3W-10mR-1% | Z73: =IF(ISNUMBER(J73),IF(J73>=100*C73,1,0),0)+IF(ISNUMBER(R73),IF(R73>=100*C73,1,0),0)+IF(ISNUMBER(W73),IF(W73>=100*C73,1,0),0)
A74: 67 | B74: SW1 | C74: 1 | D74: DIP-6 | E74: SW_DIP_SPSTx06_Slide_6.7x16.8mm_W8.61mm_P2.54mm_LowProfile | F74: De-facto standard (many makers) (2.54 mm SMD DIP) | G74: 2.54-6P TPGT | H74: SHOU HAN | I74: C6331172 | J74: 11262 | K74: =IF(ISNUMBER(J74),INT(J74/C74),0) | L74: 0.3527 | M74: LOW | N74: 11,262 pcs; HX TPGT clone (2,002 pcs) is the same body. | P74: HX 2.54-6P TPGT (hanxia) | Q74: C19189100 | R74: 2002 | S74: EQ | T74: hanxia HX 2.54-6P TPGT (same 6.15x15.24 TPGT body; primary land 1.1 x 2.2 mm, rows 6.6 / 11 mm = footprint) | U74: DM-06-V-T/R (Diptronics) | V74: C225006 | W74: 4401 | X74: CHK | Y74: Diptronics DM-06-V-T/R 6-pos 2.54 SMD - confirm row spacing vs footprint | Z74: =IF(ISNUMBER(J74),IF(J74>=100*C74,1,0),0)+IF(ISNUMBER(R74),IF(R74>=100*C74,1,0),0)+IF(ISNUMBER(W74),IF(W74>=100*C74,1,0),0)
A75: 69 | B75: TH1 | C75: 1 | D75: 10k B3950 | E75: R_0603_1608Metric | F75: Standard (0603) | G75: KNTC0603/10KF3950 | H75: KUU | I75: C2892547 | J75: 109660 | K75: =IF(ISNUMBER(J75),INT(J75/C75),0) | L75: 0.0133 | M75: LOW | N75: Stock fine; 2nd/3rd checked. | P75: HNTC0603-103F3950FB (R+O) | Q75: C49247666 | R75: 50770 | S75: EQ | T75: R+O HNTC0603-103F3950FB 10k 1 % B25/50 3950 | U75: ANTC1608-103F3950FB (APV) | V75: C52155406 | W75: 5620 | X75: EQ | Y75: APV ANTC1608-103F3950FB 10k 1 % B3950 | Z75: =IF(ISNUMBER(J75),IF(J75>=100*C75,1,0),0)+IF(ISNUMBER(R75),IF(R75>=100*C75,1,0),0)+IF(ISNUMBER(W75),IF(W75>=100*C75,1,0),0)
A76: 71 | B76: U4,U13 | C76: 2 | D76: LMR16006XDDCR | E76: SOT-23-6 | F76: Standard (SOT-23-6) | G76: LMR16006XDDCR | H76: TI | I76: C87080 | J76: 43365 | K76: =IF(ISNUMBER(J76),INT(J76/C76),0) | L76: 0.3314 | M76: LOW | N76: Stock fine; 2nd/3rd checked. | P76: LV2862XLVDDCR (TI) | Q76: C3200285 | R76: 34923 | S76: DS | T76: TI LV2862XLVDDCR: same pinout (CB GND FB EN VIN SW), 0.765 V FB, 60 V, 770 kHz; EN threshold 1.25 V -> U13 UVLO ~10 V instead of ~12 V | U76: LMR16006YDDCR (TI) | V76: C290195 | W76: 20508 | X76: DS | Y76: TI LMR16006YDDCR 2.1 MHz: same pinout; 47 uH fine; U13 at 48 V runs near min on-time | Z76: =IF(ISNUMBER(J76),IF(J76>=100*C76,1,0),0)+IF(ISNUMBER(R76),IF(R76>=100*C76,1,0),0)+IF(ISNUMBER(W76),IF(W76>=100*C76,1,0),0)
A77: 72 | B77: U5 | C77: 1 | D77: TLV75533PDBVR | E77: SOT-23-5 | F77: Standard (SOT-23-5) | G77: TLV75533PDBVR | H77: TI | I77: C404027 | J77: 114670 | K77: =IF(ISNUMBER(J77),INT(J77/C77),0) | L77: 0.0659 | M77: LOW | N77: Stock fine; 2nd/3rd checked. | P77: TLV75733PDBVR (TI) | Q77: C485517 | R77: 57390 | S77: DS | T77: TI TLV75733PDBVR (1 A, same pinout) | U77: RT9013-33GB (RICHTEK) | V77: C47773 | W77: 273255 | X77: DS | Y77: Richtek RT9013-33GB: VIN GND EN NC VOUT = same, 5.5 V max (input is +5V) | Z77: =IF(ISNUMBER(J77),IF(J77>=100*C77,1,0),0)+IF(ISNUMBER(R77),IF(R77>=100*C77,1,0),0)+IF(ISNUMBER(W77),IF(W77>=100*C77,1,0),0)
A78: 73 | B78: U7 | C78: 1 | D78: INA181A1IDBVR | E78: SOT-23-6 | F78: Standard (SOT-23-6) | G78: INA181A1IDBVR | H78: TI | I78: C2058943 | J78: 5213 | K78: =IF(ISNUMBER(J78),INT(J78/C78),0) | L78: 0.2538 | M78: LOW | N78: Stock fine; 2nd/3rd checked. | P78: INA181A1IDBVT (TI) | Q78: C2861997 | R78: 514 | S78: EQ | T78: TI INA181A1IDBVT (same part, small reel) | U78: INA181A1IDBVR(XBLW) (XBLW) | V78: C45351496 | W78: 4285 | X78: CHK | Y78: XBLW INA181A1IDBVR clone - confirm gain error | Z78: =IF(ISNUMBER(J78),IF(J78>=100*C78,1,0),0)+IF(ISNUMBER(R78),IF(R78>=100*C78,1,0),0)+IF(ISNUMBER(W78),IF(W78>=100*C78,1,0),0)
A79: 74 | B79: U8 | C79: 1 | D79: INA181A2IDBVR | E79: SOT-23-6 | F79: Standard (SOT-23-6) | G79: INA181A2IDBVR | H79: TI | I79: C2058784 | J79: 55660 | K79: =IF(ISNUMBER(J79),INT(J79/C79),0) | L79: 0.1946 | M79: LOW | N79: Stock fine; 2nd/3rd checked. | P79: INA181A2IDBVT (TI) | Q79: C116200 | R79: 1074 | S79: EQ | T79: TI INA181A2IDBVT (same part, small reel) | U79: INA181A2IDBVR(LX) (lingxingic) | V79: C53198613 | W79: 2655 | X79: CHK | Y79: lingxingic INA181A2 clone - confirm gain error | Z79: =IF(ISNUMBER(J79),IF(J79>=100*C79,1,0),0)+IF(ISNUMBER(R79),IF(R79>=100*C79,1,0),0)+IF(ISNUMBER(W79),IF(W79>=100*C79,1,0),0)
A80: 76 | B80: U11 | C80: 1 | D80: UCC27524DR | E80: SOIC-8_3.9x4.9mm_P1.27mm | F80: Standard (SOIC-8) | G80: UCC27524DR | H80: TI | I80: C465729 | J80: 17531 | K80: =IF(ISNUMBER(J80),INT(J80/C80),0) | L80: 0.2077 | M80: LOW | N80: Stock fine; 2nd/3rd checked. | P80: UCC27524ADR (TI) | Q80: C185857 | R80: 26155 | S80: DS | T80: TI UCC27524ADR (same pinout ENA INA GND INB OUTB VDD OUTA ENB) | U80: UCC27524DR(UMW) (UMW) | V80: C20623206 | W80: 3055 | X80: DS | Y80: UMW UCC27524DR - datasheet states pin-to-pin with 27524 | Z80: =IF(ISNUMBER(J80),IF(J80>=100*C80,1,0),0)+IF(ISNUMBER(R80),IF(R80>=100*C80,1,0),0)+IF(ISNUMBER(W80),IF(W80>=100*C80,1,0),0)
A81: 78 | B81: U14 | C81: 1 | D81: AMS1117-5.0 | E81: SOT-223-3_TabPin2 | F81: Standard (SOT-223) | G81: AMS1117-5.0 | H81: Advanced Monolithic Systems | I81: C6187 | J81: 6670 | K81: =IF(ISNUMBER(J81),INT(J81/C81),0) | L81: 0.127 | M81: LOW | N81: Stock fine; 2nd/3rd checked. | P81: AMS1117-5.0 (GOODWORK) | Q81: C6068482 | R81: 52680 | S81: EQ | T81: GOODWORK AMS1117-5.0 (same part no.) | U81: LD1117-5.0 (UMW) | V81: C347230 | W81: 98350 | X81: EQ | Y81: UMW LD1117-5.0 (GND OUT IN, 15 V max; input +10V_P) | Z81: =IF(ISNUMBER(J81),IF(J81>=100*C81,1,0),0)+IF(ISNUMBER(R81),IF(R81>=100*C81,1,0),0)+IF(ISNUMBER(W81),IF(W81>=100*C81,1,0),0)
A82: 79 | B82: U15,U17,U18 | C82: 3 | D82: LMV331IDBVR | E82: SOT-23-5 | F82: Standard (SOT-23-5) | G82: LMV331IDBVR | H82: TI | I82: C34731 | J82: 144505 | K82: =IF(ISNUMBER(J82),INT(J82/C82),0) | L82: 0.0672 | M82: LOW | N82: Stock fine; 2nd/3rd checked. | P82: LMV331X-S5TR (3PEAK) | Q82: C38943276 | R82: 35930 | S82: DS | T82: 3PEAK LMV331X-S5TR: open-drain, pinout +IN -VS -IN OUT +VS = TI DBV, 35.9 k pcs | U82: LMV331ILT (ST) | V82: C672259 | W82: 2635 | X82: DS | Y82: ST LMV331ILT: open-drain, same SOT23-5 pinout | Z82: =IF(ISNUMBER(J82),IF(J82>=100*C82,1,0),0)+IF(ISNUMBER(R82),IF(R82>=100*C82,1,0),0)+IF(ISNUMBER(W82),IF(W82>=100*C82,1,0),0)
A83: 80 | B83: U16,U22 | C83: 2 | D83: TL431AIDBZR | E83: SOT-23 | F83: Standard (SOT-23) | G83: TL431AIDBZR | H83: TI | I83: C23892 | J83: 121415 | K83: =IF(ISNUMBER(J83),INT(J83/C83),0) | L83: 0.0449 | M83: LOW | N83: Stock fine; 2nd/3rd checked. | P83: TL431AIDBZR(UMW) (UMW) | Q83: C29780634 | R83: 12440 | S83: DS | T83: UMW TL431AIDBZR: 1=K 2=REF 3=A = TI DBZ (U22 needs this pinout) | U83: TL431AIDBZR,215 (Nexperia) | V83: C79737 | W83: 4385 | X83: DS | Y83: Nexperia TL431AIDBZR,215 'normal pinning' 1=K 2=REF 3=A (not the MFDT mirrored type) | Z83: =IF(ISNUMBER(J83),IF(J83>=100*C83,1,0),0)+IF(ISNUMBER(R83),IF(R83>=100*C83,1,0),0)+IF(ISNUMBER(W83),IF(W83>=100*C83,1,0),0)
... A86: 83 | B86: Y1 | C86: 1 | D86: X322516MLB4SI | E86: Crystal_SMD_3225-4Pin_3.2x2.5mm | F86: Standard (3225 4-pad) | G86: X322516MLB4SI | H86: YXC Crystal Oscillators | I86: C13738 | J86: 84200 | K86: =IF(ISNUMBER(J86),INT(J86/C86),0) | L86: 0.0485 | M86: LOW | N86: Stock fine; 2nd/3rd checked. | P86: XL2LI-111-16M (YXC Crystal Oscillators) | Q86: C18207610 | R86: 35535 | S86: EQ | T86: YXC XL2LI-111-16M 16 MHz 9 pF 50 ohm | U86: XL2EL89CLI-111YLC-16M (YXC Crystal Oscillators) | V86: C5444547 | W86: 10405 | X86: EQ | Y86: YXC XL2EL89CLI-111YLC-16M 16 MHz 9 pF | Z86: =IF(ISNUMBER(J86),IF(J86>=100*C86,1,0),0)+IF(ISNUMBER(R86),IF(R86>=100*C86,1,0),0)+IF(ISNUMBER(W86),IF(W86>=100*C86,1,0),0)
A87: 85 | B87: J1,J2 | C87: 2 | D87: KF2EDGR-5.08-2P (hand-soldered) | E87: PhoenixContact_MSTBA_2,5_2-G-5,08 | F87: De-facto standard (many makers) (5.08 pluggable header) | G87: KF2EDGR-5.08-2P | H87: Cixi Kefa Elec | I87: C441204 | J87: 30830 | K87: =IF(ISNUMBER(J87),INT(J87/C87),0) | L87: 0.0246 | M87: LOW | N87: Stock fine; 2nd/3rd checked. | P87: 2EDGR-5.08-02P-14-100A(H) (DEGSON) | Q87: C699495 | R87: 1720 | S87: EQ | T87: DEGSON 2EDGR-5.08-02P: same 5.08 mm 2-pin right-angle header | Y87: Mating plug: Kefa KF2EDGK-5.08-2P-AA (C440880), 2 per board | Z87: =IF(ISNUMBER(J87),IF(J87>=100*C87,1,0),0)+IF(ISNUMBER(R87),IF(R87>=100*C87,1,0),0)+IF(ISNUMBER(W87),IF(W87>=100*C87,1,0),0)
A88: 86 | B88: J3,J4 | C88: 2 | D88: PZ254V-11-03P-A40 (hand-soldered) | E88: PinHeader_1x03_P2.54mm_Vertical | F88: Standard (2.54 header) | G88: PZ254V-11-03P-A40 | H88: XFCN | I88: C42419910 | J88: 5250 | K88: =IF(ISNUMBER(J88),INT(J88/C88),0) | M88: LOW | N88: Stock fine; 2nd/3rd checked. | P88: XY-PZ254V-11-03P (XYECONN) | Q88: C53200685 | R88: 2050 | S88: EQ | T88: XYECONN XY-PZ254V-11-03P | U88: PZ254V-11-03P-RD (XFCN) | V88: C41425293 | W88: 4080 | X88: EQ | Y88: XFCN PZ254V-11-03P-RD (red) | Z88: =IF(ISNUMBER(J88),IF(J88>=100*C88,1,0),0)+IF(ISNUMBER(R88),IF(R88>=100*C88,1,0),0)+IF(ISNUMBER(W88),IF(W88>=100*C88,1,0),0)
A89: 87 | B89: J5 | C89: 1 | D89: PZ254V-11-06P-A40 (hand-soldered) | E89: PinHeader_1x06_P2.54mm_Vertical | F89: Standard (2.54 header) | G89: PZ254V-11-06P-A40 | H89: XFCN | I89: C42419913 | J89: 3800 | K89: =IF(ISNUMBER(J89),INT(J89/C89),0) | M89: LOW | N89: Stock fine; 2nd/3rd checked. | P89: XY-PZ254V-11-06P (XYECONN) | Q89: C53200691 | R89: 1180 | S89: EQ | T89: XYECONN XY-PZ254V-11-06P | U89: PZ254V-11-06P-RD (XFCN) | V89: C41425296 | W89: 1580 | X89: EQ | Y89: XFCN PZ254V-11-06P-RD (red) | Z89: =IF(ISNUMBER(J89),IF(J89>=100*C89,1,0),0)+IF(ISNUMBER(R89),IF(R89>=100*C89,1,0),0)+IF(ISNUMBER(W89),IF(W89>=100*C89,1,0),0)
A90: 88 | B90: JP1 | C90: 1 | D90: PZ254V-12-04P-A40 (hand-soldered) | E90: PinHeader_2x02_P2.54mm_Vertical | F90: Standard (2.54 header) | G90: PZ254V-12-04P-A40 | H90: XFCN | I90: C45384660 | J90: 1280 | K90: =IF(ISNUMBER(J90),INT(J90/C90),0) | M90: LOW | N90: Stock fine; 2nd/3rd checked. | P90: PZ254V-12-04P-T (XFCN) | Q90: C56153598 | R90: 1000 | S90: EQ | T90: XFCN PZ254V-12-04P-T | U90: PZ254V-12-04P-YL (XFCN) | V90: C42393319 | W90: 1980 | X90: EQ | Y90: XFCN PZ254V-12-04P-YL | Z90: =IF(ISNUMBER(J90),IF(J90>=100*C90,1,0),0)+IF(ISNUMBER(R90),IF(R90>=100*C90,1,0),0)+IF(ISNUMBER(W90),IF(W90>=100*C90,1,0),0)

Sheet Spec check findings
A1: Line | B1: Finding | C1: Result
A2: U12 3rd | B2: YLPTEC ISO7742N0-Y (old 3rd source) is the NARROW SOIC-16 body | C2: Won't fit SOIC-16W. Replaced by ISO7742W0-Y (wide, default-low).
A3: U11 3rd | B3: Maxinmicro MX27524S: pin order could not be confirmed from its datasheet | C3: Dropped. TI UCC27524ADR + UMW UCC27524DR (stated pin-to-pin).
A4: U15/17/18 | B4: TPV331S5 / HT331 are push-pull clones with unconfirmed pinout | C4: Replaced by 3PEAK LMV331X-S5TR and ST LMV331ILT (open-drain, same pinout).
A5: U16/U22 | B5: TL431 SOT-23 pinout differs between makers. Board: pin1 = cathode, pin2 = REF (TI DBZ) | C5: U22 must use a 1=K / 2=REF part: TI, UMW, Nexperia normal pinning, HGSEMI. MSKSEMI (no pin numbers) dropped. U16 has pins 1+2 tied so any TL431 works.
A6: TH1 | B6: FH CMFB103F3950FANT (old 2nd) is 0805 | C6: Won't fit the 0603 pads. Replaced by two 0603 10k 1 % B3950 parts.
A7: CR1-CR6 | B7: CCTC / HRE 'M3L' 100 nF 1206 caps show no dielectric - not confirmed C0G | C7: Resonant caps need C0G. Replaced by Murata GRM31C5C2A104JA01L / TDK C3216C0G2A104JT000E.
A8: L1 | B8: SOREDE SRYH.1770 (old 3rd) saturates at 16 A vs 23 A design | C8: Dropped. Shun Xiang Nuo SMMS1770-220M and Sunltech SLO1770C (both 23 A sat). Sunltech land checked: fits.
A9: L2/L3 | B9: APV ANR5040 has no datasheet on LCSC | C9: New primary cjiang FNR5040S470MT: recommended land 1.4 x 4.2 / gap 2.3 = our footprint exactly.
A10: RS1 | B10: Alloy shunt land pattern vs standard R_2512 footprint | C10: HoJLR2512 terminations 0.9 mm sit fully on our pads (2.35-3.58 mm from centre). OK.
A11: SW1 | B11: SHOU HAN TPGT land: 1.1 x 2.2 mm pads, rows 6.6 / 11 mm | C11: Matches our footprint (1.12 x 2.44, rows 6.16 / 10.74).
A12: Q1/Q4 | B12: NCE alternates have Qg 54-60 nC vs 26 nC | C12: Pin-compatible DFN5x6; usable but more switching loss in the hard-switched FETs - bench check.
... A17: C82 | B17: BOM had X7R on the ramp cap | C17: KEMET C0G 47 nF (25 V, node < 5 V).

Sheet PCB reserve
A1: Part | B1: Why | C1: What to add (DNP on the normal build) | D1: Space | E1: Where | F1: Status
A2: T2 PA3855.006NLT | B2: Single maker (Pulse), 102 pcs at LCSC | C2: 3 x 0805 0R jumpers on the secondary: A = pin10->FLY_SA, B = pin6->GND, C = pin6->pin10. Normal (.006): fit A+B. Backup (.005NLT, secondaries in series): fit C only. | D2: ~6 x 4 mm | E2: Free 10 x 8 mm area right of T2 pins 6-10 (x 79.5-89.5, y 46-54) | F2: Waiting for your OK
A3: U9 CA-IS3062VW | B3: Single maker (Chipanalog), integrated isolated DC-DC | C3: 1 x 0402 0R to select U9 pin 1 = +5V (CA-IS3062) or +3V3 (ISO1042DW); B0505S-1WR3 isolated 5 V SIP-4 module + 2 caps feeding VISO. | D3: ~14 x 10 mm + one 0402 | E3: Free area straddling the isolation gap directly above U9 (x 128-142, y 64-74) | F3: Waiting for your OK (module pin spacing vs 4 mm gap to confirm)
